Screen,Title,Coverage,Current source or panel,Limits
UI01,Sign in and recovery,PARTIAL,main.tsx and auth.py,"Local development sign-in; OIDC sign-in with TOTP step-up and sign-out through a live Keycloak 26.7.4 (idp-browser check, v0.15); provider recovery, MFA enrolment completion and the owner's chosen provider unqualified"
UI02,Tenant switch and profile,PARTIAL,main.tsx and WorkspaceSettings.tsx,"Workspace switching, preferences and own sessions; broader identity lifecycle pending"
UI03,My work,PARTIAL,WorkCenter.tsx,"Recalculation tasks and safe notices, including the worker's authority expiry reminders (v0.16; the in-app delivery time is recorded but not displayed); complete assigned work aggregation, digests and channel preferences pending"
UI04,Tenant settings,PARTIAL,"TenantLifecycle.tsx, Workers.tsx and WorkspaceSettings.tsx","Managed-tenant lifecycle and workspace administration; operator-only Workers panel with heartbeat, counts and stale flag (v0.16, tenant browser group); full policy editing pending; since the October 2026 quality work the Workers area lists deliveries needing attention (DEAD or held by a suspension) to operators, with per-row re-queue or hold release and a required reason (no browser check yet)"
UI05,Members and grants,PARTIAL,Administration.tsx,"Reviewed memberships, grants and role changes; full external delivery and departure inventory pending"
UI06,Programme registry,PARTIAL,main.tsx and Configuration.tsx,Programme registry and create; advanced programme planning pending
UI07,Programme workspace,PARTIAL,main.tsx and Configuration.tsx,Programme setup and readiness; broader delivery management pending
UI08,Framework editor,PARTIAL,Planning.tsx (Results framework: Framework and Reviews tabs),"Since v0.18: logframe table editor with hierarchy tree, owners and indicator placement, completeness review with documented exceptions, submission and independent review with a re-fetched candidate (planning-browser check). No relationship graph view, theory-of-change links, assumptions, libraries or document-assisted setup"
UI09,Indicator designer,PARTIAL,Configuration.tsx,Manual FLOW definition and plan workflow; complete indicator profiles pending
UI10,Indicator results,PARTIAL,main.tsx and Planning.tsx (Targets and Targets vs actuals tabs),"SUM and pooled result lineage; since v0.18 targets, baselines and milestones and a paged targets-versus-actuals table with the actual's source (planning-browser check); other calculations, charts, status thresholds and full lineage graph pending"
UI11,Form designer,PARTIAL,Forms.tsx (v0.20),"Designer for fields (text, decimal, integer, yes/no, single choice), bounds, choices, one relevance rule per field, indicator bindings and dimension fields; send for review, publish, new version; forms-browser check. No groups or repeat groups, preview modes, classification, calculated or media fields, translations or isolated test"
UI12,Field assignments,PENDING,No complete current screen mapped,Target design; do not infer implementation from this prototype
UI13,Collection form,PARTIAL,main.tsx; Forms.tsx fill-in dialog (v0.20),"Manual observation collection; since v0.20 web form fill-in on the published version with relevance, explicit reasons for blanks, server drafts and exact retry; no local drafts, unsaved-changes warning, correction of returned responses or offline collection"
UI14,Sync and conflicts,PENDING,No complete current screen mapped,Target design; do not infer implementation from this prototype
UI15,Import workspace,PARTIAL,Imports.tsx (v0.21),"Since v0.21: choose programme and period, load a CSV or first-sheet XLSX (bounded content), map value columns by header to indicators with role and unit, atomic or partial mode, save a draft, preview every row (raw cells, interpretation, reasons, warnings) and commit with an explicit acknowledgement when warnings exist; no browser check yet; reusable mapping versions, keyed update and replacement, encoding/delimiter/sheet choice and worker-run imports pending"
UI16,Dataset catalogue,PENDING,No complete current screen mapped,Target design; do not infer implementation from this prototype
UI17,Quality queue,PENDING,No complete current screen mapped,Target design; do not infer implementation from this prototype
UI18,Participant workspace,PENDING,No complete current screen mapped,Target design; do not infer implementation from this prototype
UI19,Evidence repository,PARTIAL,main.tsx and Evidence.tsx (v0.22),"Authorized evidence read surfaces; since v0.22 an Evidence section on observation and calculated-result detail: cited files with version, newer-version and earlier-revision notes and a mediated download, and a form that hashes, uploads, waits for the scan verdict (stated as not malware protection), creates and attaches evidence; no browser check yet; repository search, verification, annotations, redaction and multipart pending"
UI20,Evaluation workspace,PENDING,No complete current screen mapped,Target design; do not infer implementation from this prototype
UI21,Review queue,PARTIAL,main.tsx,Independent single-stage review; configurable multistage workflows pending
UI22,Dashboard editor and viewer,PARTIAL,Dashboards.tsx (v0.24),"Viewer only since v0.24: programme and period pickers, locked-snapshot or provisional line, stated stale rule, one card per indicator with OFFICIAL and PROVISIONAL on separate rows, target, baseline, status, coverage and freshness, an accessible SVG trend and an equivalent series table (dashboard-browser check, 390 px); dashboard authoring, saved and published dashboards, filters, drill-down and export pending"
UI23,Report workspace,PARTIAL,"main.tsx, PeriodGovernance.tsx and ReportExports.tsx (v0.23)","Frozen HTML/CSV reports and named-recipient publication; since v0.23 a Rendered exports section on an approved report (request PDF, XLSX or DOCX, status, cancel a queued export, download) and export formats in the disclosure request dialog; no browser check for exports yet; charts, scheduled delivery and accessibility conformance pending"
UI24,Period close,PARTIAL,PeriodGovernance.tsx,Close and scoped restatement; complete late-source and cross-period policy pending
UI25,Integration administration,PENDING,No complete current screen mapped,Target design; do not infer implementation from this prototype
UI26,AI workspace,PENDING,No complete current screen mapped,Target design; do not infer implementation from this prototype
UI27,Privacy and disclosure,PENDING,No complete current screen mapped,Target design; do not infer implementation from this prototype
UI28,Service operations,PENDING,No complete current screen mapped,"Target design; do not infer implementation from this prototype. Only the operator's worker heartbeat panel exists (Workers.tsx in the tenant-lifecycle console, v0.16); no service health view, incidents, quotas or monitoring"
UI29,Migration and exit,PENDING,No complete current screen mapped,Target design; do not infer implementation from this prototype
UI30,Budget workspace,PENDING,No complete current screen mapped,Target design; do not infer implementation from this prototype
UI31,Managed tenant onboarding,PARTIAL,"TenantLifecycle.tsx, InitialAccess.tsx, RecoveryContacts.tsx, WorkspaceSettings.tsx",Current implemented subset; full baseline acceptance remains open
UI32,Reviewed initial access,PARTIAL,"TenantLifecycle.tsx, InitialAccess.tsx, RecoveryContacts.tsx, WorkspaceSettings.tsx",Current implemented subset; full baseline acceptance remains open
UI33,Recovery contacts,PARTIAL,"TenantLifecycle.tsx, InitialAccess.tsx, RecoveryContacts.tsx, WorkspaceSettings.tsx","Current implemented subset; since v0.16 the nominee confirms the registered email address with a single-use emailed code (evidence only; recovery browser group, synthetic sink); full baseline acceptance remains open"
UI34,Workspace and account settings,PARTIAL,"TenantLifecycle.tsx, InitialAccess.tsx, RecoveryContacts.tsx, WorkspaceSettings.tsx",Current implemented subset; full baseline acceptance remains open
UI35,Authority renewal,PARTIAL,"TenantLifecycle.tsx, AuthorityRenewal.tsx","Owner proposal, second-administrator consent, independent operator review and history for unexpired delegated authority; expired authority, administrator replacement and external notices remain open"
