fr_id,br_ids,title,phase,current_state,acceptance_status,fsd_section,hld_components,lld_section,scenario_ids,case_ids,test_status,wireframes,dictionary_fields,decision_dependencies,work_packages
FR-NPA-001,BR-NPA-001,Organisation goals and readiness profiles,R1,PARTIAL_LOCAL,PROPOSED_UNAPPROVED,Organisation goals and readiness profiles,C-NPA-001;C-NPA-005,Current input schema and validation,SC-NPA-001;SC-NPA-041;SC-NPA-043;SC-NPA-049,TC-NPA-001;TC-NPA-002;TC-NPA-081;TC-NPA-089;TC-NPA-106,SPECIFIED_NOT_RUN,WF-NPA-001,DD-NPA-001;DD-NPA-002;DD-NPA-003;DD-NPA-004;DD-NPA-005;DD-NPA-006,DEC-NPA-001;DEC-NPA-002;DEC-NPA-003,WP NPA 01;WP NPA 02
FR-NPA-002,BR-NPA-002,Transparent readiness assessment,R1,LOCAL_IMPLEMENTATION,PROPOSED_UNAPPROVED,Transparent readiness assessment,C-NPA-004,Deterministic assessment algorithm,SC-NPA-002;SC-NPA-041;SC-NPA-049,TC-NPA-003;TC-NPA-004;TC-NPA-081;TC-NPA-106,SPECIFIED_NOT_RUN,WF-NPA-001,DD-NPA-001;DD-NPA-002;DD-NPA-003;DD-NPA-004;DD-NPA-005;DD-NPA-006;DD-NPA-007;DD-NPA-008;DD-NPA-009;DD-NPA-010;DD-NPA-011;DD-NPA-012;DD-NPA-013;DD-NPA-014;DD-NPA-015;DD-NPA-016;DD-NPA-017;DD-NPA-018;DD-NPA-019;DD-NPA-020;DD-NPA-021;DD-NPA-022;DD-NPA-023,DEC-NPA-001;DEC-NPA-002;DEC-NPA-003,WP NPA 01;WP NPA 02
FR-NPA-003,BR-NPA-003,Use cases and pilot selection,R1,LOCAL_IMPLEMENTATION,PROPOSED_UNAPPROVED,Use cases and pilot selection,C-NPA-004,Deterministic assessment algorithm,SC-NPA-003;SC-NPA-049,TC-NPA-005;TC-NPA-006;TC-NPA-106,SPECIFIED_NOT_RUN,WF-NPA-001,DD-NPA-008;DD-NPA-009;DD-NPA-010;DD-NPA-011;DD-NPA-012;DD-NPA-013;DD-NPA-014;DD-NPA-015;DD-NPA-016;DD-NPA-017;DD-NPA-018;DD-NPA-019;DD-NPA-020;DD-NPA-021;DD-NPA-022;DD-NPA-023;DD-NPA-024;DD-NPA-025;DD-NPA-026;DD-NPA-027;DD-NPA-028;DD-NPA-029;DD-NPA-030;DD-NPA-031;DD-NPA-032;DD-NPA-033;DD-NPA-034;DD-NPA-035;DD-NPA-036;DD-NPA-037;DD-NPA-038;DD-NPA-039;DD-NPA-040;DD-NPA-041;DD-NPA-042;DD-NPA-043;DD-NPA-044;DD-NPA-045;DD-NPA-046;DD-NPA-047;DD-NPA-048;DD-NPA-049;DD-NPA-050;DD-NPA-051;DD-NPA-052;DD-NPA-053;DD-NPA-054;DD-NPA-055;DD-NPA-056;DD-NPA-057;DD-NPA-058;DD-NPA-059;DD-NPA-060;DD-NPA-061;DD-NPA-062;DD-NPA-063,DEC-NPA-001;DEC-NPA-002;DEC-NPA-003,WP NPA 01;WP NPA 02
FR-NPA-004,BR-NPA-004,Evidence based tool discovery,R1,PARTIAL_LOCAL,PROPOSED_UNAPPROVED,Evidence based tool discovery,C-NPA-004,Current response models,SC-NPA-004;SC-NPA-041,TC-NPA-007;TC-NPA-008;TC-NPA-081,SPECIFIED_NOT_RUN,WF-NPA-002,DD-NPA-064;DD-NPA-065;DD-NPA-066;DD-NPA-067;DD-NPA-068;DD-NPA-069;DD-NPA-070;DD-NPA-071;DD-NPA-072;DD-NPA-073;DD-NPA-074;DD-NPA-075;DD-NPA-076;DD-NPA-077;DD-NPA-078;DD-NPA-079;DD-NPA-080;DD-NPA-081;DD-NPA-082;DD-NPA-083,DEC-NPA-005;DEC-NPA-012,WP NPA 02;WP NPA 04;WP NPA 07
FR-NPA-005,BR-NPA-005,Comparable tools and offers,R1,PARTIAL_LOCAL,PROPOSED_UNAPPROVED,Comparable tools and offers,C-NPA-001,Current input schema and validation,SC-NPA-005;SC-NPA-043;SC-NPA-049,TC-NPA-009;TC-NPA-010;TC-NPA-089;TC-NPA-106,SPECIFIED_NOT_RUN,WF-NPA-002,DD-NPA-064;DD-NPA-065;DD-NPA-066;DD-NPA-067;DD-NPA-068;DD-NPA-069;DD-NPA-070;DD-NPA-071;DD-NPA-072;DD-NPA-073;DD-NPA-074;DD-NPA-075;DD-NPA-076;DD-NPA-077;DD-NPA-078;DD-NPA-079;DD-NPA-080;DD-NPA-081;DD-NPA-082;DD-NPA-083,DEC-NPA-001;DEC-NPA-002;DEC-NPA-003,WP NPA 02;WP NPA 04;WP NPA 07
FR-NPA-006,BR-NPA-006,Shared adoption plans,R1,LOCAL_IMPLEMENTATION,PROPOSED_UNAPPROVED,Shared adoption plans,C-NPA-001;C-NPA-005,Plan persistence and transaction algorithm,SC-NPA-006;SC-NPA-041;SC-NPA-043;SC-NPA-044;SC-NPA-045;SC-NPA-046;SC-NPA-049,TC-NPA-011;TC-NPA-012;TC-NPA-081;TC-NPA-089;TC-NPA-090;TC-NPA-091;TC-NPA-093;TC-NPA-094;TC-NPA-097;TC-NPA-106,SPECIFIED_NOT_RUN,WF-NPA-003,DD-NPA-084;DD-NPA-085;DD-NPA-086;DD-NPA-087;DD-NPA-088;DD-NPA-089;DD-NPA-090;DD-NPA-091;DD-NPA-092;DD-NPA-093;DD-NPA-094;DD-NPA-095;DD-NPA-096;DD-NPA-097;DD-NPA-098;DD-NPA-099;DD-NPA-100;DD-NPA-101;DD-NPA-102;DD-NPA-103;DD-NPA-104;DD-NPA-105;DD-NPA-106,DEC-NPA-001;DEC-NPA-002;DEC-NPA-003;DEC-NPA-010,WP NPA 02
FR-NPA-007,BR-NPA-007,Practical self paced learning,R1,LOCAL_IMPLEMENTATION,PROPOSED_UNAPPROVED,Practical self paced learning,C-NPA-001;C-NPA-004,Browser state and accessible recovery,SC-NPA-007;SC-NPA-041;SC-NPA-049,TC-NPA-013;TC-NPA-014;TC-NPA-081;TC-NPA-106,SPECIFIED_NOT_RUN,WF-NPA-004,DD-NPA-024;DD-NPA-025;DD-NPA-026;DD-NPA-027;DD-NPA-028;DD-NPA-029;DD-NPA-030;DD-NPA-031;DD-NPA-032;DD-NPA-033;DD-NPA-034;DD-NPA-035;DD-NPA-036;DD-NPA-037;DD-NPA-038;DD-NPA-039;DD-NPA-040;DD-NPA-041;DD-NPA-042;DD-NPA-043;DD-NPA-044;DD-NPA-045;DD-NPA-046;DD-NPA-047;DD-NPA-048;DD-NPA-049;DD-NPA-050;DD-NPA-051;DD-NPA-052;DD-NPA-053;DD-NPA-054;DD-NPA-055;DD-NPA-056;DD-NPA-057;DD-NPA-058;DD-NPA-059;DD-NPA-060;DD-NPA-061;DD-NPA-062;DD-NPA-063;DD-NPA-084;DD-NPA-085;DD-NPA-086;DD-NPA-087;DD-NPA-088;DD-NPA-089;DD-NPA-090;DD-NPA-091;DD-NPA-092;DD-NPA-093;DD-NPA-094;DD-NPA-095,DEC-NPA-001;DEC-NPA-002;DEC-NPA-003;DEC-NPA-008,WP NPA 02;WP NPA 04;WP NPA 05
FR-NPA-008,BR-NPA-008,Competency evidence,R2,TARGET,PROPOSED_UNAPPROVED,Competency evidence,C-NPA-009,Proposed learning and advisory interfaces,SC-NPA-008;SC-NPA-049,TC-NPA-015;TC-NPA-016;TC-NPA-107,SPECIFIED_NOT_RUN,WF-NPA-005,DD-NPA-188;DD-NPA-189;DD-NPA-190;DD-NPA-191;DD-NPA-192;DD-NPA-193;DD-NPA-194;DD-NPA-195;DD-NPA-196;DD-NPA-197,DEC-NPA-004;DEC-NPA-005;DEC-NPA-006;DEC-NPA-007;DEC-NPA-008;DEC-NPA-009;DEC-NPA-016,WP NPA 05
FR-NPA-009,BR-NPA-009,Learning programmes and cohorts,R2,TARGET,PROPOSED_UNAPPROVED,Learning programmes and cohorts,C-NPA-009,Proposed learning and advisory interfaces,SC-NPA-009,TC-NPA-017;TC-NPA-018,SPECIFIED_NOT_RUN,WF-NPA-005,DD-NPA-163;DD-NPA-164;DD-NPA-165;DD-NPA-166;DD-NPA-167;DD-NPA-168;DD-NPA-169;DD-NPA-170;DD-NPA-171;DD-NPA-172;DD-NPA-173;DD-NPA-174;DD-NPA-175;DD-NPA-176;DD-NPA-177;DD-NPA-178;DD-NPA-179;DD-NPA-180;DD-NPA-181;DD-NPA-182;DD-NPA-183;DD-NPA-184;DD-NPA-185;DD-NPA-186;DD-NPA-187,DEC-NPA-001;DEC-NPA-008,WP NPA 05
FR-NPA-010,BR-NPA-010,Consented AI advisory drafts,R1,PARTIAL_LOCAL,PROPOSED_UNAPPROVED,Consented AI advisory drafts,C-NPA-006;C-NPA-007,Advisory persistence and algorithm,SC-NPA-010;SC-NPA-042;SC-NPA-044;SC-NPA-045;SC-NPA-046;SC-NPA-050,TC-NPA-019;TC-NPA-020;TC-NPA-086;TC-NPA-092;TC-NPA-095;TC-NPA-098;TC-NPA-108,SPECIFIED_NOT_RUN,WF-NPA-008,DD-NPA-113;DD-NPA-114;DD-NPA-115;DD-NPA-116;DD-NPA-117;DD-NPA-118;DD-NPA-119;DD-NPA-120;DD-NPA-121;DD-NPA-122;DD-NPA-123;DD-NPA-124;DD-NPA-125;DD-NPA-126;DD-NPA-127;DD-NPA-128;DD-NPA-129;DD-NPA-130;DD-NPA-131,DEC-NPA-002;DEC-NPA-003;DEC-NPA-010;DEC-NPA-011,WP NPA 03;WP NPA 06
FR-NPA-011,BR-NPA-011,Human advisory cases,R2,TARGET,PROPOSED_UNAPPROVED,Human advisory cases,C-NPA-010,Proposed learning and advisory interfaces,SC-NPA-011;SC-NPA-049,TC-NPA-021;TC-NPA-022;TC-NPA-107,SPECIFIED_NOT_RUN,WF-NPA-008,DD-NPA-198;DD-NPA-199;DD-NPA-200;DD-NPA-201;DD-NPA-202;DD-NPA-203;DD-NPA-204;DD-NPA-205;DD-NPA-206;DD-NPA-207,DEC-NPA-003;DEC-NPA-004;DEC-NPA-005;DEC-NPA-006;DEC-NPA-007;DEC-NPA-008;DEC-NPA-009;DEC-NPA-016,WP NPA 06
FR-NPA-012,BR-NPA-012,AI task workbench,R2,TARGET,PROPOSED_UNAPPROVED,AI task workbench,C-NPA-010,Proposed learning and advisory interfaces,SC-NPA-012;SC-NPA-050,TC-NPA-023;TC-NPA-024;TC-NPA-108,SPECIFIED_NOT_RUN,WF-NPA-009,DD-NPA-208;DD-NPA-209;DD-NPA-210;DD-NPA-211;DD-NPA-212;DD-NPA-213;DD-NPA-214;DD-NPA-215;DD-NPA-216;DD-NPA-217;DD-NPA-218;DD-NPA-219;DD-NPA-220;DD-NPA-221;DD-NPA-222;DD-NPA-223;DD-NPA-224;DD-NPA-225,DEC-NPA-002;DEC-NPA-003;DEC-NPA-011,WP NPA 03;WP NPA 06
FR-NPA-013,BR-NPA-013,Procurement briefs,R1,LOCAL_IMPLEMENTATION,PROPOSED_UNAPPROVED,Procurement briefs,C-NPA-001;C-NPA-005,Current input schema and validation,SC-NPA-013;SC-NPA-041;SC-NPA-049,TC-NPA-025;TC-NPA-026;TC-NPA-081;TC-NPA-106,SPECIFIED_NOT_RUN,WF-NPA-006,DD-NPA-024;DD-NPA-025;DD-NPA-026;DD-NPA-027;DD-NPA-028;DD-NPA-029;DD-NPA-030;DD-NPA-031;DD-NPA-032;DD-NPA-033;DD-NPA-034;DD-NPA-035;DD-NPA-036;DD-NPA-037;DD-NPA-038;DD-NPA-039;DD-NPA-040;DD-NPA-041;DD-NPA-042;DD-NPA-043;DD-NPA-044;DD-NPA-045;DD-NPA-046;DD-NPA-047;DD-NPA-048;DD-NPA-049;DD-NPA-050;DD-NPA-051;DD-NPA-052;DD-NPA-053;DD-NPA-054;DD-NPA-055;DD-NPA-056;DD-NPA-057;DD-NPA-058;DD-NPA-059;DD-NPA-060;DD-NPA-061;DD-NPA-062;DD-NPA-063;DD-NPA-084;DD-NPA-085;DD-NPA-086;DD-NPA-087;DD-NPA-088;DD-NPA-089;DD-NPA-090;DD-NPA-091;DD-NPA-092;DD-NPA-093;DD-NPA-094;DD-NPA-095,DEC-NPA-001;DEC-NPA-002;DEC-NPA-003,WP NPA 02;WP NPA 08
FR-NPA-014,BR-NPA-014,Requests for offers and quotes,R2,TARGET,PROPOSED_UNAPPROVED,Requests for offers and quotes,C-NPA-011,Proposed procurement costing and supplier interfaces,SC-NPA-014;SC-NPA-049,TC-NPA-027;TC-NPA-028;TC-NPA-107,SPECIFIED_NOT_RUN,WF-NPA-007,DD-NPA-226;DD-NPA-227;DD-NPA-228;DD-NPA-229;DD-NPA-230;DD-NPA-231;DD-NPA-232;DD-NPA-233;DD-NPA-234;DD-NPA-235;DD-NPA-236;DD-NPA-237;DD-NPA-238;DD-NPA-239;DD-NPA-240;DD-NPA-241;DD-NPA-242;DD-NPA-243;DD-NPA-244;DD-NPA-245;DD-NPA-246,DEC-NPA-003;DEC-NPA-004;DEC-NPA-005;DEC-NPA-006;DEC-NPA-007;DEC-NPA-008;DEC-NPA-009;DEC-NPA-016,WP NPA 08
FR-NPA-015,BR-NPA-015,Total cost comparison,R2,TARGET,PROPOSED_UNAPPROVED,Total cost comparison,C-NPA-011,Proposed procurement costing and supplier interfaces,SC-NPA-015,TC-NPA-029;TC-NPA-030,SPECIFIED_NOT_RUN,WF-NPA-007,DD-NPA-235;DD-NPA-236;DD-NPA-237;DD-NPA-238;DD-NPA-239;DD-NPA-240;DD-NPA-241;DD-NPA-242;DD-NPA-243;DD-NPA-244;DD-NPA-245;DD-NPA-246;DD-NPA-247;DD-NPA-248;DD-NPA-249;DD-NPA-250;DD-NPA-251;DD-NPA-252;DD-NPA-253;DD-NPA-254;DD-NPA-255;DD-NPA-341;DD-NPA-342;DD-NPA-343;DD-NPA-344;DD-NPA-345;DD-NPA-346;DD-NPA-347,DEC-NPA-007,WP NPA 08
FR-NPA-016,BR-NPA-016,Independent procurement decisions,R2,TARGET,PROPOSED_UNAPPROVED,Independent procurement decisions,C-NPA-011,Proposed procurement costing and supplier interfaces,SC-NPA-016;SC-NPA-049,TC-NPA-031;TC-NPA-032;TC-NPA-107,SPECIFIED_NOT_RUN,WF-NPA-007,DD-NPA-256;DD-NPA-257;DD-NPA-258;DD-NPA-259;DD-NPA-260;DD-NPA-261;DD-NPA-262;DD-NPA-263;DD-NPA-264;DD-NPA-265,DEC-NPA-004;DEC-NPA-005;DEC-NPA-006;DEC-NPA-007;DEC-NPA-008;DEC-NPA-009;DEC-NPA-016,WP NPA 08
FR-NPA-017,BR-NPA-017,Supplier onboarding and publication,R2,TARGET,PROPOSED_UNAPPROVED,Supplier onboarding and publication,C-NPA-012,Proposed procurement costing and supplier interfaces,SC-NPA-017;SC-NPA-049,TC-NPA-033;TC-NPA-034;TC-NPA-107,SPECIFIED_NOT_RUN,WF-NPA-011,DD-NPA-266;DD-NPA-267;DD-NPA-268;DD-NPA-269;DD-NPA-270;DD-NPA-271;DD-NPA-272;DD-NPA-273;DD-NPA-274;DD-NPA-275;DD-NPA-276;DD-NPA-277;DD-NPA-278;DD-NPA-279;DD-NPA-280;DD-NPA-281;DD-NPA-282,DEC-NPA-004;DEC-NPA-005;DEC-NPA-006;DEC-NPA-007;DEC-NPA-008;DEC-NPA-009;DEC-NPA-016,WP NPA 07
FR-NPA-018,BR-NPA-018,Marketplace neutrality and conflicts,R2,PARTIAL_LOCAL,PROPOSED_UNAPPROVED,Marketplace neutrality and conflicts,C-NPA-012,Proposed procurement costing and supplier interfaces,SC-NPA-018,TC-NPA-035;TC-NPA-036,SPECIFIED_NOT_RUN,WF-NPA-002;WF-NPA-007;WF-NPA-011,DD-NPA-064;DD-NPA-065;DD-NPA-066;DD-NPA-067;DD-NPA-068;DD-NPA-069;DD-NPA-070;DD-NPA-071;DD-NPA-072;DD-NPA-073;DD-NPA-074;DD-NPA-075;DD-NPA-076;DD-NPA-077;DD-NPA-078;DD-NPA-079;DD-NPA-080;DD-NPA-081;DD-NPA-082;DD-NPA-083;DD-NPA-266;DD-NPA-267;DD-NPA-268;DD-NPA-269;DD-NPA-270;DD-NPA-271;DD-NPA-272;DD-NPA-273;DD-NPA-274;DD-NPA-275;DD-NPA-276;DD-NPA-277;DD-NPA-278;DD-NPA-279;DD-NPA-280;DD-NPA-281;DD-NPA-282,DEC-NPA-004;DEC-NPA-005,WP NPA 04;WP NPA 07
FR-NPA-019,BR-NPA-019,Bookings and service engagements,R2,TARGET,PROPOSED_UNAPPROVED,Bookings and service engagements,C-NPA-013,Proposed engagements connectors and usage ledger,SC-NPA-019;SC-NPA-049,TC-NPA-037;TC-NPA-038;TC-NPA-107,SPECIFIED_NOT_RUN,WF-NPA-007;WF-NPA-010,DD-NPA-283;DD-NPA-284;DD-NPA-285;DD-NPA-286;DD-NPA-287;DD-NPA-288;DD-NPA-289;DD-NPA-290;DD-NPA-291,DEC-NPA-004;DEC-NPA-005;DEC-NPA-006;DEC-NPA-007;DEC-NPA-008;DEC-NPA-009;DEC-NPA-016,WP NPA 06;WP NPA 08
FR-NPA-020,BR-NPA-020,Purchasing and payments,R3,CONDITIONAL_TARGET,PROPOSED_UNAPPROVED,Purchasing and payments,C-NPA-017,Conditional finance and unresolved contracts,SC-NPA-020,TC-NPA-039;TC-NPA-040,SPECIFIED_NOT_RUN,WF-NPA-012,DD-NPA-348;DD-NPA-349;DD-NPA-350;DD-NPA-351;DD-NPA-352;DD-NPA-353;DD-NPA-354;DD-NPA-355;DD-NPA-356;DD-NPA-357;DD-NPA-358;DD-NPA-359;DD-NPA-360;DD-NPA-361;DD-NPA-362,DEC-NPA-004;DEC-NPA-007;DEC-NPA-015,WP NPA 11
FR-NPA-021,BR-NPA-021,Pilot delivery and acceptance,R1,PARTIAL_LOCAL,PROPOSED_UNAPPROVED,Pilot delivery and acceptance,C-NPA-001;C-NPA-005;C-NPA-013,Proposed engagements connectors and usage ledger,SC-NPA-021;SC-NPA-041;SC-NPA-049,TC-NPA-041;TC-NPA-042;TC-NPA-081;TC-NPA-106,SPECIFIED_NOT_RUN,WF-NPA-010,DD-NPA-084;DD-NPA-085;DD-NPA-086;DD-NPA-087;DD-NPA-088;DD-NPA-089;DD-NPA-090;DD-NPA-091;DD-NPA-092;DD-NPA-093;DD-NPA-094;DD-NPA-095;DD-NPA-292;DD-NPA-293;DD-NPA-294;DD-NPA-295;DD-NPA-296;DD-NPA-297;DD-NPA-298;DD-NPA-299;DD-NPA-300,DEC-NPA-001;DEC-NPA-002;DEC-NPA-003;DEC-NPA-007,WP NPA 02;WP NPA 08;WP NPA 09
FR-NPA-022,BR-NPA-022,Integration and deployment support,R2,TARGET,PROPOSED_UNAPPROVED,Integration and deployment support,C-NPA-014,Proposed engagements connectors and usage ledger,SC-NPA-022,TC-NPA-043;TC-NPA-044,SPECIFIED_NOT_RUN,WF-NPA-012,DD-NPA-301;DD-NPA-302;DD-NPA-303;DD-NPA-304;DD-NPA-305;DD-NPA-306;DD-NPA-307;DD-NPA-308;DD-NPA-309;DD-NPA-310,DEC-NPA-003;DEC-NPA-014,WP NPA 09
FR-NPA-023,BR-NPA-023,Usage budgets and spending controls,R1,PARTIAL_LOCAL,PROPOSED_UNAPPROVED,Usage budgets and spending controls,C-NPA-006;C-NPA-007;C-NPA-014,Provider adapter contract,SC-NPA-023;SC-NPA-044;SC-NPA-045;SC-NPA-046,TC-NPA-045;TC-NPA-046;TC-NPA-092;TC-NPA-095;TC-NPA-098,SPECIFIED_NOT_RUN,WF-NPA-008;WF-NPA-009,DD-NPA-113;DD-NPA-114;DD-NPA-115;DD-NPA-121;DD-NPA-122;DD-NPA-123;DD-NPA-124;DD-NPA-125;DD-NPA-126;DD-NPA-127;DD-NPA-128;DD-NPA-129;DD-NPA-130;DD-NPA-131;DD-NPA-217;DD-NPA-218;DD-NPA-219;DD-NPA-220;DD-NPA-221;DD-NPA-222;DD-NPA-223;DD-NPA-224;DD-NPA-225,DEC-NPA-010;DEC-NPA-011,WP NPA 03;WP NPA 11
FR-NPA-024,BR-NPA-024,Adoption outcomes,R2,TARGET,PROPOSED_UNAPPROVED,Adoption outcomes,C-NPA-015,Proposed outcomes support feedback and lifecycle,SC-NPA-024;SC-NPA-049,TC-NPA-047;TC-NPA-048;TC-NPA-107,SPECIFIED_NOT_RUN,WF-NPA-010,DD-NPA-311;DD-NPA-312;DD-NPA-313;DD-NPA-314;DD-NPA-315;DD-NPA-316;DD-NPA-317;DD-NPA-318;DD-NPA-319;DD-NPA-320;DD-NPA-321;DD-NPA-322,DEC-NPA-002;DEC-NPA-004;DEC-NPA-005;DEC-NPA-006;DEC-NPA-007;DEC-NPA-008;DEC-NPA-009;DEC-NPA-016,WP NPA 09
FR-NPA-025,BR-NPA-025,Organisation isolation and current access,R1,PARTIAL_LOCAL,PROPOSED_UNAPPROVED,Organisation isolation and current access,C-NPA-002;C-NPA-003,Scope filtered reads and cursor algorithm,SC-NPA-025;SC-NPA-041;SC-NPA-042;SC-NPA-043;SC-NPA-044;SC-NPA-045;SC-NPA-047,TC-NPA-049;TC-NPA-050;TC-NPA-082;TC-NPA-084;TC-NPA-085;TC-NPA-086;TC-NPA-088;TC-NPA-090;TC-NPA-091;TC-NPA-094;TC-NPA-101;TC-NPA-103,SPECIFIED_NOT_RUN,WF-NPA-003;WF-NPA-005;WF-NPA-011;WF-NPA-012,DD-NPA-096;DD-NPA-097;DD-NPA-098;DD-NPA-099;DD-NPA-100;DD-NPA-101;DD-NPA-102;DD-NPA-103;DD-NPA-104;DD-NPA-105;DD-NPA-106;DD-NPA-121;DD-NPA-122;DD-NPA-123;DD-NPA-124;DD-NPA-125;DD-NPA-126;DD-NPA-127;DD-NPA-128;DD-NPA-129;DD-NPA-130;DD-NPA-131;DD-NPA-132;DD-NPA-133;DD-NPA-134;DD-NPA-135;DD-NPA-136;DD-NPA-137;DD-NPA-138;DD-NPA-139;DD-NPA-140;DD-NPA-141;DD-NPA-142;DD-NPA-143;DD-NPA-144;DD-NPA-145;DD-NPA-146;DD-NPA-147;DD-NPA-148;DD-NPA-149;DD-NPA-150;DD-NPA-151;DD-NPA-152;DD-NPA-153;DD-NPA-154;DD-NPA-155;DD-NPA-156;DD-NPA-157;DD-NPA-158;DD-NPA-159;DD-NPA-160;DD-NPA-161;DD-NPA-162,DEC-NPA-010;DEC-NPA-013,WP NPA 02;WP NPA 05;WP NPA 07;WP NPA 08;WP NPA 11
FR-NPA-026,BR-NPA-026,Privacy and data lifecycle,R1,PARTIAL_LOCAL,PROPOSED_UNAPPROVED,Privacy and data lifecycle,C-NPA-003;C-NPA-006;C-NPA-007;C-NPA-016,Proposed outcomes support feedback and lifecycle,SC-NPA-026;SC-NPA-042;SC-NPA-046;SC-NPA-047;SC-NPA-050,TC-NPA-051;TC-NPA-052;TC-NPA-086;TC-NPA-087;TC-NPA-088;TC-NPA-099;TC-NPA-102;TC-NPA-108,SPECIFIED_NOT_RUN,WF-NPA-005;WF-NPA-006;WF-NPA-008;WF-NPA-009;WF-NPA-011;WF-NPA-012,DD-NPA-113;DD-NPA-114;DD-NPA-115,DEC-NPA-002;DEC-NPA-003;DEC-NPA-009;DEC-NPA-010;DEC-NPA-011,WP NPA 01;WP NPA 03;WP NPA 05;WP NPA 07;WP NPA 10
FR-NPA-027,BR-NPA-027,Revision history and accountable actions,R1,LOCAL_IMPLEMENTATION,PROPOSED_UNAPPROVED,Revision history and accountable actions,C-NPA-002;C-NPA-005,Plan persistence and transaction algorithm,SC-NPA-027;SC-NPA-044;SC-NPA-046;SC-NPA-047,TC-NPA-053;TC-NPA-054;TC-NPA-091;TC-NPA-092;TC-NPA-093;TC-NPA-097;TC-NPA-099;TC-NPA-101,SPECIFIED_NOT_RUN,WF-NPA-003,DD-NPA-096;DD-NPA-097;DD-NPA-098;DD-NPA-099;DD-NPA-100;DD-NPA-101;DD-NPA-102;DD-NPA-103;DD-NPA-104;DD-NPA-105;DD-NPA-106;DD-NPA-107;DD-NPA-108;DD-NPA-109;DD-NPA-110;DD-NPA-111;DD-NPA-112;DD-NPA-121;DD-NPA-122;DD-NPA-123;DD-NPA-124;DD-NPA-125;DD-NPA-126;DD-NPA-127;DD-NPA-128;DD-NPA-129;DD-NPA-130;DD-NPA-131;DD-NPA-132;DD-NPA-133;DD-NPA-134;DD-NPA-135;DD-NPA-136;DD-NPA-137;DD-NPA-138;DD-NPA-139;DD-NPA-140;DD-NPA-141;DD-NPA-142;DD-NPA-143;DD-NPA-144;DD-NPA-145;DD-NPA-146;DD-NPA-147;DD-NPA-148;DD-NPA-149;DD-NPA-150;DD-NPA-151;DD-NPA-152;DD-NPA-153;DD-NPA-154;DD-NPA-155;DD-NPA-156;DD-NPA-157;DD-NPA-158;DD-NPA-159;DD-NPA-160;DD-NPA-161;DD-NPA-162,DEC-NPA-009;DEC-NPA-010,WP NPA 02;WP NPA 05;WP NPA 08;WP NPA 11
FR-NPA-028,BR-NPA-028,Accessible and understandable experience,R1,PARTIAL_LOCAL,PROPOSED_UNAPPROVED,Accessible and understandable experience,C-NPA-001,Browser state and accessible recovery,SC-NPA-028;SC-NPA-041;SC-NPA-042;SC-NPA-045;SC-NPA-048;SC-NPA-049,TC-NPA-055;TC-NPA-056;TC-NPA-083;TC-NPA-085;TC-NPA-094;TC-NPA-096;TC-NPA-104;TC-NPA-105;TC-NPA-106,SPECIFIED_NOT_RUN,WF-NPA-001;WF-NPA-002;WF-NPA-004,PROCESS_CONTROL_NO_NEW_FIELD,DEC-NPA-001;DEC-NPA-002;DEC-NPA-003;DEC-NPA-010,WP NPA 01;WP NPA 02;WP NPA 05
FR-NPA-029,BR-NPA-029,Reliable operation during dependency failure,R1,PARTIAL_LOCAL,PROPOSED_UNAPPROVED,Reliable operation during dependency failure,C-NPA-006;C-NPA-007;C-NPA-008,Current error contract and safe client actions,SC-NPA-029;SC-NPA-041;SC-NPA-042;SC-NPA-044;SC-NPA-045;SC-NPA-046;SC-NPA-048;SC-NPA-050,TC-NPA-057;TC-NPA-058;TC-NPA-081;TC-NPA-083;TC-NPA-085;TC-NPA-086;TC-NPA-087;TC-NPA-092;TC-NPA-093;TC-NPA-094;TC-NPA-095;TC-NPA-097;TC-NPA-098;TC-NPA-099;TC-NPA-104;TC-NPA-108,SPECIFIED_NOT_RUN,WF-NPA-003;WF-NPA-008,DD-NPA-121;DD-NPA-122;DD-NPA-123;DD-NPA-124;DD-NPA-125;DD-NPA-126;DD-NPA-127;DD-NPA-128;DD-NPA-129;DD-NPA-130;DD-NPA-131,DEC-NPA-002;DEC-NPA-003;DEC-NPA-009;DEC-NPA-010;DEC-NPA-011,WP NPA 02;WP NPA 03;WP NPA 09;WP NPA 11
FR-NPA-030,BR-NPA-030,Ownership and portability,R2,TARGET,PROPOSED_UNAPPROVED,Ownership and portability,C-NPA-016,Proposed outcomes support feedback and lifecycle,SC-NPA-030;SC-NPA-047;SC-NPA-049,TC-NPA-059;TC-NPA-060;TC-NPA-102;TC-NPA-107,SPECIFIED_NOT_RUN,WF-NPA-012,PROCESS_CONTROL_NO_NEW_FIELD,DEC-NPA-004;DEC-NPA-005;DEC-NPA-006;DEC-NPA-007;DEC-NPA-008;DEC-NPA-009;DEC-NPA-016,WP NPA 10
FR-NPA-031,BR-NPA-031,Content maintenance and provenance,R2,PARTIAL_LOCAL,PROPOSED_UNAPPROVED,Content maintenance and provenance,C-NPA-018,Current response models,SC-NPA-031;SC-NPA-046,TC-NPA-061;TC-NPA-062;TC-NPA-100,SPECIFIED_NOT_RUN,WF-NPA-002;WF-NPA-004;WF-NPA-011,DD-NPA-024;DD-NPA-025;DD-NPA-026;DD-NPA-027;DD-NPA-028;DD-NPA-029;DD-NPA-030;DD-NPA-031;DD-NPA-032;DD-NPA-033;DD-NPA-034;DD-NPA-035;DD-NPA-036;DD-NPA-037;DD-NPA-038;DD-NPA-039;DD-NPA-040;DD-NPA-041;DD-NPA-042;DD-NPA-043;DD-NPA-044;DD-NPA-045;DD-NPA-046;DD-NPA-047;DD-NPA-048;DD-NPA-049;DD-NPA-050;DD-NPA-051;DD-NPA-052;DD-NPA-053;DD-NPA-054;DD-NPA-055;DD-NPA-056;DD-NPA-057;DD-NPA-058;DD-NPA-059;DD-NPA-060;DD-NPA-061;DD-NPA-062;DD-NPA-063;DD-NPA-064;DD-NPA-065;DD-NPA-066;DD-NPA-067;DD-NPA-068;DD-NPA-069;DD-NPA-070;DD-NPA-071;DD-NPA-072;DD-NPA-073;DD-NPA-074;DD-NPA-075;DD-NPA-076;DD-NPA-077;DD-NPA-078;DD-NPA-079;DD-NPA-080;DD-NPA-081;DD-NPA-082;DD-NPA-083;DD-NPA-275;DD-NPA-276;DD-NPA-277;DD-NPA-278;DD-NPA-279;DD-NPA-280;DD-NPA-281;DD-NPA-282,DEC-NPA-012,WP NPA 04;WP NPA 07
FR-NPA-032,BR-NPA-032,Support and incidents,R2,TARGET,PROPOSED_UNAPPROVED,Support and incidents,C-NPA-015,Proposed outcomes support feedback and lifecycle,SC-NPA-032,TC-NPA-063;TC-NPA-064,SPECIFIED_NOT_RUN,WF-NPA-012,DD-NPA-323;DD-NPA-324;DD-NPA-325;DD-NPA-326;DD-NPA-327;DD-NPA-328;DD-NPA-329;DD-NPA-330;DD-NPA-331;DD-NPA-332,DEC-NPA-010;DEC-NPA-014,WP NPA 06;WP NPA 10
FR-NPA-033,BR-NPA-033,Governed release and onboarding,R1,PARTIAL_LOCAL,PROPOSED_UNAPPROVED,Governed release and onboarding,C-NPA-003;C-NPA-008,Proposed logical entities and common command skeleton,SC-NPA-033;SC-NPA-046;SC-NPA-047,TC-NPA-065;TC-NPA-066;TC-NPA-100;TC-NPA-103,SPECIFIED_NOT_RUN,WF-NPA-012,PROCESS_CONTROL_NO_NEW_FIELD,DEC-NPA-010;DEC-NPA-013,WP NPA 01
FR-NPA-034,BR-NPA-034,Feedback and improvement,R2,TARGET,PROPOSED_UNAPPROVED,Feedback and improvement,C-NPA-015,Proposed outcomes support feedback and lifecycle,SC-NPA-034;SC-NPA-049,TC-NPA-067;TC-NPA-068;TC-NPA-107,SPECIFIED_NOT_RUN,WF-NPA-010;WF-NPA-012,DD-NPA-333;DD-NPA-334;DD-NPA-335;DD-NPA-336;DD-NPA-337;DD-NPA-338;DD-NPA-339;DD-NPA-340,DEC-NPA-003;DEC-NPA-004;DEC-NPA-005;DEC-NPA-006;DEC-NPA-007;DEC-NPA-008;DEC-NPA-009;DEC-NPA-016,WP NPA 09
FR-NPA-035,BR-NPA-035,Human control over consequential decisions,R1,PARTIAL_LOCAL,PROPOSED_UNAPPROVED,Human control over consequential decisions,C-NPA-003;C-NPA-006;C-NPA-010,Proposed logical entities and common command skeleton,SC-NPA-035;SC-NPA-047;SC-NPA-049;SC-NPA-050,TC-NPA-069;TC-NPA-070;TC-NPA-101;TC-NPA-102;TC-NPA-106;TC-NPA-108,SPECIFIED_NOT_RUN,WF-NPA-001;WF-NPA-006;WF-NPA-007;WF-NPA-008;WF-NPA-009;WF-NPA-010,DD-NPA-008;DD-NPA-009;DD-NPA-010;DD-NPA-011;DD-NPA-012;DD-NPA-013;DD-NPA-014;DD-NPA-015;DD-NPA-016;DD-NPA-017;DD-NPA-018;DD-NPA-019;DD-NPA-020;DD-NPA-021;DD-NPA-022;DD-NPA-023;DD-NPA-116;DD-NPA-117;DD-NPA-118;DD-NPA-119;DD-NPA-120;DD-NPA-256;DD-NPA-257;DD-NPA-258;DD-NPA-259;DD-NPA-260;DD-NPA-261;DD-NPA-262;DD-NPA-263;DD-NPA-264;DD-NPA-265,DEC-NPA-001;DEC-NPA-002;DEC-NPA-003;DEC-NPA-007;DEC-NPA-011,WP NPA 01;WP NPA 03;WP NPA 06;WP NPA 08;WP NPA 09;WP NPA 11
FR-NPA-036,BR-NPA-036,Reuse and interoperability,R1,PARTIAL_LOCAL,PROPOSED_UNAPPROVED,Reuse and interoperability,C-NPA-018,Verification hooks and source evidence,SC-NPA-036;SC-NPA-047,TC-NPA-071;TC-NPA-072;TC-NPA-101;TC-NPA-102;TC-NPA-103,SPECIFIED_NOT_RUN,WF-NPA-012,PROCESS_CONTROL_NO_NEW_FIELD,DEC-NPA-004;DEC-NPA-012,WP NPA 04;WP NPA 09
FR-NPA-037,BR-NPA-001,Closed profile and draft validation,R1,LOCAL_IMPLEMENTATION,PROPOSED_UNAPPROVED,Closed profile and draft validation,C-NPA-002;C-NPA-005,Current input schema and validation,SC-NPA-037;SC-NPA-042;SC-NPA-043,TC-NPA-073;TC-NPA-074;TC-NPA-088;TC-NPA-089;TC-NPA-090,SPECIFIED_NOT_RUN,WF-NPA-001;WF-NPA-003;WF-NPA-006,DD-NPA-001;DD-NPA-002;DD-NPA-003;DD-NPA-004;DD-NPA-005;DD-NPA-006;DD-NPA-007;DD-NPA-084;DD-NPA-085;DD-NPA-086;DD-NPA-087;DD-NPA-088;DD-NPA-089;DD-NPA-090;DD-NPA-091;DD-NPA-092;DD-NPA-093;DD-NPA-094;DD-NPA-095;DD-NPA-113;DD-NPA-114;DD-NPA-115,,WP NPA 02
FR-NPA-038,BR-NPA-031,Stable content versions and learning identifiers,R1,PARTIAL_LOCAL,PROPOSED_UNAPPROVED,Stable content versions and learning identifiers,C-NPA-004;C-NPA-018,Current input schema and validation,SC-NPA-038;SC-NPA-046,TC-NPA-075;TC-NPA-076;TC-NPA-100,SPECIFIED_NOT_RUN,WF-NPA-002;WF-NPA-004,DD-NPA-024;DD-NPA-025;DD-NPA-026;DD-NPA-027;DD-NPA-028;DD-NPA-029;DD-NPA-030;DD-NPA-031;DD-NPA-032;DD-NPA-033;DD-NPA-034;DD-NPA-035;DD-NPA-036;DD-NPA-037;DD-NPA-038;DD-NPA-039;DD-NPA-040;DD-NPA-041;DD-NPA-042;DD-NPA-043;DD-NPA-044;DD-NPA-045;DD-NPA-046;DD-NPA-047;DD-NPA-048;DD-NPA-049;DD-NPA-050;DD-NPA-051;DD-NPA-052;DD-NPA-053;DD-NPA-054;DD-NPA-055;DD-NPA-056;DD-NPA-057;DD-NPA-058;DD-NPA-059;DD-NPA-060;DD-NPA-061;DD-NPA-062;DD-NPA-063;DD-NPA-084;DD-NPA-085;DD-NPA-086;DD-NPA-087;DD-NPA-088;DD-NPA-089;DD-NPA-090;DD-NPA-091;DD-NPA-092;DD-NPA-093;DD-NPA-094;DD-NPA-095,DEC-NPA-012,WP NPA 02;WP NPA 04
FR-NPA-039,BR-NPA-027,Current authority on exact retries,R1,LOCAL_IMPLEMENTATION,PROPOSED_UNAPPROVED,Current authority on exact retries,C-NPA-002;C-NPA-003;C-NPA-005;C-NPA-006,Plan persistence and transaction algorithm,SC-NPA-039;SC-NPA-041;SC-NPA-042;SC-NPA-044;SC-NPA-046,TC-NPA-077;TC-NPA-078;TC-NPA-082;TC-NPA-084;TC-NPA-086;TC-NPA-091;TC-NPA-097,SPECIFIED_NOT_RUN,WF-NPA-003,DD-NPA-096;DD-NPA-097;DD-NPA-098;DD-NPA-099;DD-NPA-100;DD-NPA-101;DD-NPA-102;DD-NPA-103;DD-NPA-104;DD-NPA-105;DD-NPA-106;DD-NPA-107;DD-NPA-108;DD-NPA-109;DD-NPA-110;DD-NPA-111;DD-NPA-112;DD-NPA-121;DD-NPA-122;DD-NPA-123;DD-NPA-124;DD-NPA-125;DD-NPA-126;DD-NPA-127;DD-NPA-128;DD-NPA-129;DD-NPA-130;DD-NPA-131;DD-NPA-132;DD-NPA-133;DD-NPA-134;DD-NPA-135;DD-NPA-136;DD-NPA-137;DD-NPA-138;DD-NPA-139;DD-NPA-140;DD-NPA-141;DD-NPA-142;DD-NPA-143;DD-NPA-144;DD-NPA-145;DD-NPA-146;DD-NPA-147;DD-NPA-148;DD-NPA-149;DD-NPA-150;DD-NPA-151;DD-NPA-152;DD-NPA-153;DD-NPA-154;DD-NPA-155;DD-NPA-156;DD-NPA-157;DD-NPA-158;DD-NPA-159;DD-NPA-160;DD-NPA-161;DD-NPA-162,,WP NPA 02
FR-NPA-040,BR-NPA-033,Release evidence and operational smoke,R1,PARTIAL_LOCAL,PROPOSED_UNAPPROVED,Release evidence and operational smoke,C-NPA-008,Verification hooks and source evidence,SC-NPA-040;SC-NPA-041;SC-NPA-046,TC-NPA-079;TC-NPA-080;TC-NPA-081;TC-NPA-082;TC-NPA-083;TC-NPA-099;TC-NPA-100,SPECIFIED_NOT_RUN,WF-NPA-012,PROCESS_CONTROL_NO_NEW_FIELD,DEC-NPA-009;DEC-NPA-010,WP NPA 02;WP NPA 10
